{"accuracy": 82.89965177895533, "f1": 0.6090708407200021, "precision": 0.4933826341389013, "recall": 0.7956298897887286, "roc": 0.9016789270598125, "iou": 0.4378877505417185}