{"accuracy": 87.66461771385315, "f1": 0.5818387859676784, "precision": 0.6727656847152658, "recall": 0.5125637955792512, "roc": 0.8550481923902583, "iou": 0.41027689955876734}