{"accuracy": 80.50613171839515, "f1": 0.5846074035551156, "precision": 0.454434563665819, "recall": 0.8192943874358427, "roc": 0.899583382025871, "iou": 0.4130355104467161}