{"accuracy": 84.16357305071915, "f1": 0.6419862105977963, "precision": 0.5164887090343145, "recall": 0.8480462547338038, "roc": 0.9260608906064746, "iou": 0.47273909558782756}