{"accuracy": 83.5916447368421, "f1": 0.5682497641366536, "precision": 0.4738586528162325, "recall": 0.7095997371356432, "roc": 0.8810638255160315, "iou": 0.3968916853671748}