{"accuracy": 80.06296052631579, "f1": 0.5116817196677329, "precision": 0.4078507630617, "recall": 0.6864348156923104, "roc": 0.8380738108266552, "iou": 0.3437985855777434}