{"accuracy": 83.03375, "f1": 0.2124072722386291, "precision": 0.3617158489270743, "recall": 0.15034717118176552, "roc": 0.786672333849001, "iou": 0.11882307918349495}