{"accuracy": 84.89223684210526, "f1": 0.5943837808621805, "precision": 0.5024787366207951, "recall": 0.7274338731852416, "roc": 0.8877834121417136, "iou": 0.422863490595438}