{"accuracy": 96.66713333333334, "f1": 0.5189326507635608, "precision": 0.5521449779870994, "recall": 0.48948916240060997, "roc": 0.8627856249268162, "iou": 0.3503774835297634}