{"accuracy": 96.1002, "f1": 0.2824478981391754, "precision": 0.4354881416196997, "recall": 0.20900047198925317, "roc": 0.8579125667177842, "iou": 0.16444793600914154}