{"accuracy": 97.0148, "f1": 0.5535860267581202, "precision": 0.6139761167624944, "recall": 0.5040119086519261, "roc": 0.9189833444831872, "iou": 0.38273000468693996}