{"accuracy": 96.96386666666666, "f1": 0.5684531706022817, "precision": 0.5945962018792372, "recall": 0.5445122172602839, "roc": 0.8884604249933891, "iou": 0.39709016773236955}